{
	"credit": "Made with Blockbench",
	"textures": {
		"1": "item/lava"
	},
	"elements": [
		{
			"from": [0, 0, 8],
			"to": [16, 16, 8],
			"faces": {
				"north": {"uv": [0, 0, 16, 16], "texture": "#1"},
				"east": {"uv": [0, 0, 2, 16], "texture": "#missing"},
				"south": {"uv": [0, 0, 16, 16], "texture": "#1"},
				"west": {"uv": [0, 0, 2, 16], "texture": "#missing"},
				"up": {"uv": [0, 0, 16, 2], "texture": "#missing"},
				"down": {"uv": [0, 0, 16, 2], "texture": "#missing"}
			}
		}
	],
	"gui_light": "front",
	"display": {
		"thirdperson_righthand": {
			"rotation": [89.99, -90, -1],
			"translation": [2.26, -2, 10],
			"scale": [0.25, 0.25, 0.25]
		},
		"thirdperson_lefthand": {
			"rotation": [89.99, -90, -1],
			"translation": [2.26, -2, 10],
			"scale": [0.25, 0.25, 0.25]
		},
		"firstperson_righthand": {
			"rotation": [-40, -45, -24],
			"translation": [2, 2.5, 0],
			"scale": [0.25, 0.24, 0.25]
		},
		"firstperson_lefthand": {
			"rotation": [-40, -45, -24],
			"translation": [2, 2.5, 0],
			"scale": [0.25, 0.24, 0.25]
		},
		"ground": {
			"translation": [0, 4, 0]
		},
		"head": {
			"translation": [0, 0, -6.5]
		},
		"fixed": {
			"scale": [1.25, 1.25, 1.25]
		}
	}
}