{
	"credit": "Made with Blockbench",
	"textures": {
		"0": "item/template_texture"
	},
	"elements": [
		{
			"name": "body",
			"from": [4, 8, 7.5],
			"to": [12, 14, 8.5],
			"faces": {
				"north": {"uv": [2, 2.25, 4, 4], "texture": "#0"},
				"east": {"uv": [4, 2.25, 4.25, 4], "texture": "#0"},
				"south": {"uv": [6, 2.25, 8, 4], "texture": "#0"},
				"west": {"uv": [1.75, 2.25, 2, 4], "texture": "#0"},
				"up": {"uv": [2, 2, 4, 2.25], "texture": "#0"},
				"down": {"uv": [14.75, 0, 16, 1.25], "texture": "#0"}
			}
		},
		{
			"name": "right corner",
			"from": [11, 14, 7.5],
			"to": [12, 15, 8.5],
			"faces": {
				"north": {"uv": [10, 2, 10.25, 2.25], "texture": "#0"},
				"east": {"uv": [9.75, 2, 10, 2.25], "texture": "#0"},
				"south": {"uv": [13.5, 1.75, 13.75, 2], "texture": "#0"},
				"west": {"uv": [14.75, 1.25, 16, 2.5], "texture": "#0"},
				"up": {"uv": [10, 1.75, 10.25, 2], "texture": "#0"},
				"down": {"uv": [14.75, 0, 16, 1.25], "texture": "#0"}
			}
		},
		{
			"name": "left corner",
			"from": [4, 14, 7.5],
			"to": [5, 15, 8.5],
			"faces": {
				"north": {"uv": [11.75, 2, 12, 2.25], "texture": "#0"},
				"east": {"uv": [14.75, 0, 16, 1.25], "texture": "#0"},
				"south": {"uv": [15.75, 1.75, 16, 2], "texture": "#0"},
				"west": {"uv": [12, 2, 12.25, 2.25], "texture": "#0"},
				"up": {"uv": [11.75, 1.75, 12, 2], "texture": "#0"},
				"down": {"uv": [14.75, 0, 16, 1.25], "texture": "#0"}
			}
		},
		{
			"name": "top",
			"from": [5, 14, 7.5],
			"to": [11, 15, 8.5],
			"faces": {
				"north": {"uv": [2.25, 2, 3.75, 2.25], "texture": "#0"},
				"east": {"uv": [3.75, 2, 4, 2.25], "texture": "#0"},
				"south": {"uv": [6.25, 2, 7.75, 2.25], "texture": "#0"},
				"west": {"uv": [2, 2, 2.25, 2.25], "texture": "#0"},
				"up": {"uv": [2.25, 1.75, 3.75, 2], "texture": "#0"},
				"down": {"uv": [14.75, 0, 16, 1.25], "texture": "#0"}
			}
		},
		{
			"name": "front layer",
			"from": [3.875, 7.875, 7.375],
			"to": [12.125, 15.125, 8],
			"faces": {
				"north": {"uv": [10, 2, 12, 4], "texture": "#0"},
				"east": {"uv": [12, 2, 12.25, 4], "texture": "#0"},
				"south": {"uv": [13.5, 0, 14.75, 1.25], "texture": "#0"},
				"west": {"uv": [9.75, 2, 10, 4], "texture": "#0"},
				"up": {"uv": [10, 1.75, 12, 2], "texture": "#0"},
				"down": {"uv": [14.75, 0, 16, 1.25], "texture": "#0"}
			}
		},
		{
			"name": "back layer",
			"from": [3.875, 7.875, 8],
			"to": [12.125, 15.125, 8.625],
			"faces": {
				"north": {"uv": [13.5, 0, 14.75, 1.25], "texture": "#0"},
				"east": {"uv": [15.75, 2, 16, 4], "texture": "#0"},
				"south": {"uv": [13.75, 2, 15.75, 4], "texture": "#0"},
				"west": {"uv": [13.5, 2, 13.75, 4], "texture": "#0"},
				"up": {"uv": [13.75, 1.75, 15.75, 2], "texture": "#0"},
				"down": {"uv": [14.75, 0, 16, 1.25], "texture": "#0"}
			}
		},
		{
			"name": "right hand",
			"from": [14, 6, 7.5],
			"to": [15, 8, 8.5],
			"faces": {
				"north": {"uv": [11, 7.5, 11.75, 8], "rotation": 90, "texture": "#0"},
				"east": {"uv": [12, 4, 12.75, 5], "texture": "#0"},
				"south": {"uv": [12.5, 7.5, 13.5, 8], "rotation": 270, "texture": "#0"},
				"west": {"uv": [0, 0, 0.75, 0.75], "texture": "#0"},
				"up": {"uv": [10, 7.5, 11, 8], "rotation": 270, "texture": "#0"},
				"down": {"uv": [11.75, 7.5, 12.5, 8], "rotation": 270, "texture": "#0"}
			}
		},
		{
			"name": "left hand",
			"from": [1, 6, 7.5],
			"to": [2, 8, 8.5],
			"faces": {
				"north": {"uv": [9, 15.5, 9.75, 16], "rotation": 270, "texture": "#0"},
				"east": {"uv": [0, 0, 0.75, 0.75], "texture": "#0"},
				"south": {"uv": [10.5, 15.5, 11.5, 16], "rotation": 90, "texture": "#0"},
				"west": {"uv": [10, 12, 10.75, 13], "texture": "#0"},
				"up": {"uv": [9.75, 15.5, 10.5, 16], "rotation": 90, "texture": "#0"},
				"down": {"uv": [8, 15.5, 9, 16], "rotation": 90, "texture": "#0"}
			}
		},
		{
			"name": "arms",
			"from": [2, 6, 7.5],
			"to": [14, 8, 8.5],
			"faces": {
				"north": {"uv": [4.25, 5, 7.75, 5.5], "texture": "#0"},
				"east": {"uv": [0, 0, 1, 2], "texture": "#0"},
				"south": {"uv": [7.25, 5.5, 10.5, 6], "texture": "#0"},
				"west": {"uv": [2.25, 3.5, 3.25, 5.5], "texture": "#0"},
				"up": {"uv": [4.25, 5, 7.75, 5.25], "texture": "#0"},
				"down": {"uv": [0, 0, 14, 1], "texture": "#0"}
			}
		},
		{
			"name": "shirt",
			"from": [2, 5, 7.5],
			"to": [14, 6, 8.5],
			"faces": {
				"north": {"uv": [4.25, 5.5, 7.75, 6.5], "texture": "#0"},
				"east": {"uv": [4.25, 5.5, 4.5, 6.75], "texture": "#0"},
				"south": {"uv": [7.25, 5.5, 10.5, 6.5], "texture": "#0"},
				"west": {"uv": [7.5, 5.5, 7.75, 6.75], "texture": "#0"},
				"up": {"uv": [16, 0, 16, 0], "texture": "#0"},
				"down": {"uv": [4.25, 6.5, 7.75, 6.75], "texture": "#0"}
			}
		},
		{
			"name": "body",
			"from": [4, 3, 7.5],
			"to": [12, 5, 8.5],
			"faces": {
				"north": {"uv": [4.75, 6.5, 7.25, 7.75], "texture": "#0"},
				"east": {"uv": [4.25, 6.5, 4.75, 7.75], "texture": "#0"},
				"south": {"uv": [7.75, 6.5, 10, 7.75], "texture": "#0"},
				"west": {"uv": [7.25, 6.5, 7.75, 7.75], "texture": "#0"},
				"up": {"uv": [16, 0, 16, 0], "texture": "#0"},
				"down": {"uv": [4.75, 7.75, 7.25, 8], "texture": "#0"}
			}
		},
		{
			"name": "legs",
			"from": [5, 1, 7.5],
			"to": [11, 3, 8.5],
			"faces": {
				"north": {"uv": [5, 7.5, 7, 8], "texture": "#0"},
				"east": {"uv": [4.75, 7.5, 5, 8], "texture": "#0"},
				"south": {"uv": [7, 7.5, 9, 8], "texture": "#0"},
				"west": {"uv": [9, 7.5, 9.25, 8], "texture": "#0"},
				"up": {"uv": [15.5, 5.5, 16, 6.25], "texture": "#0"},
				"down": {"uv": [5, 13, 7, 14], "texture": "#0"}
			}
		},
		{
			"name": "feet",
			"from": [6, 0, 7.5],
			"to": [10, 1, 8.5],
			"faces": {
				"north": {"uv": [5, 15.5, 6, 16], "texture": "#0"},
				"east": {"uv": [7, 15.5, 8, 16], "texture": "#0"},
				"south": {"uv": [6, 15.5, 7, 16], "texture": "#0"},
				"west": {"uv": [4, 15.5, 5, 16], "texture": "#0"},
				"up": {"uv": [15.5, 10, 16, 10.75], "texture": "#0"},
				"down": {"uv": [6, 12, 7, 13], "texture": "#0"}
			}
		}
	],
	"gui_light": "front",
	"display": {
		"thirdperson_righthand": {
			"rotation": [0, 180, 0],
			"translation": [0, 3, 1.25],
			"scale": [0.5, 0.5, 0.5]
		},
		"thirdperson_lefthand": {
			"rotation": [0, 180, 0],
			"translation": [0, 3, 1.25],
			"scale": [0.5, 0.5, 0.5]
		},
		"firstperson_righthand": {
			"rotation": [20, 85, -35],
			"translation": [1.75, 3.75, 0.75],
			"scale": [0.6, 0.6, 0.6]
		},
		"firstperson_lefthand": {
			"rotation": [20, 85, -35],
			"translation": [1.25, 3.75, 0.5],
			"scale": [0.6, 0.6, 0.6]
		},
		"ground": {
			"scale": [0.5, 0.5, 0.5]
		},
		"gui": {
			"rotation": [0, 180, 0]
		},
		"head": {
			"translation": [0, 14.25, 0]
		}
	},
	"groups": [
		{
			"name": "Totem",
			"origin": [0, 0, 0],
			"color": 0,
			"children": [
				{
					"name": "Head",
					"origin": [0, 0, 0],
					"color": 0,
					"children": [0, 1, 2, 3, 4, 5]
				},
				{
					"name": "top",
					"origin": [0, 0, 0],
					"color": 0,
					"children": [6, 7, 8, 9]
				},
				{
					"name": "bottom",
					"origin": [0, 0, 0],
					"color": 0,
					"children": [10, 11, 12]
				}
			]
		}
	]
}